,count,mean,std,min,25%,50%,75%,max
Restaurant ID,9551.0,9051128.349178096,8791521.282104313,53.0,301962.5,6004089.0,18352291.5,18500652.0
Country Code,9551.0,18.365616165846507,56.750545600949856,1.0,1.0,1.0,1.0,216.0
Longitude,9551.0,64.12657446168706,41.467057847617575,-157.948486,77.08134305,77.1919642,77.2820063,174.8320893
Latitude,9551.0,25.854380700074756,11.007935124784685,-41.330428,28.4787126,28.57046888,28.6427582,55.97698
Average Cost for two,9551.0,1199.2107632708617,16121.18307349965,0.0,250.0,400.0,700.0,800000.0
Price range,9551.0,1.804837189823055,0.9056088473975366,1.0,1.0,2.0,2.0,4.0
Aggregate rating,9551.0,2.66637001361114,1.5163775396521686,0.0,2.5,3.2,3.7,4.9
Votes,9551.0,156.909747670401,430.1691453762977,0.0,5.0,31.0,131.0,10934.0
